{
  "Close Sessions On End" : true,
  "Ansi 15 Color (Dark)" : {
    "Green Component" : 1,
    "Red Component" : 1,
    "Blue Component" : 1
  },
  "Ansi 12 Color (Light)" : {
    "Green Component" : 0.86277559999999998,
    "Red Component" : 0.71165029999999996,
    "Blue Component" : 0.9982605
  },
  "Cursor Text Color" : {
    "Red Component" : 0.99999994039535522,
    "Color Space" : "P3",
    "Blue Component" : 1,
    "Alpha Component" : 1,
    "Green Component" : 1
  },
  "Smart Cursor Color" : false,
  "Prompt Before Closing 2" : false,
  "Ansi 3 Color (Dark)" : {
    "Green Component" : 1,
    "Red Component" : 1,
    "Blue Component" : 0.71372550000000001
  },
  "Ansi 12 Color (Dark)" : {
    "Green Component" : 0.86277559999999998,
    "Red Component" : 0.71165029999999996,
    "Blue Component" : 0.9982605
  },
  "Mouse Reporting" : true,
  "Use Underline Color (Light)" : false,
  "Disable Window Resizing" : true,
  "BM Growl" : true,
  "Background Color (Dark)" : {
    "Green Component" : 0,
    "Red Component" : 0,
    "Blue Component" : 0
  },
  "Guid" : "F7759C51-27B4-418D-900B-367CF1D3D6AE",
  "Cursor Color (Dark)" : {
    "Green Component" : 0.64705880000000005,
    "Red Component" : 1,
    "Blue Component" : 0.37647059999999999
  },
  "Selection Color (Dark)" : {
    "Green Component" : 0.22248570000000001,
    "Red Component" : 0.20990739999999999,
    "Blue Component" : 0.51530609999999999
  },
  "Scrollback Lines" : 1000,
  "Badge Color (Dark)" : {
    "Red Component" : 0.92929404973983765,
    "Color Space" : "P3",
    "Blue Component" : 0.13960540294647217,
    "Alpha Component" : 0.5,
    "Green Component" : 0.25479039549827576
  },
  "Faint Text Alpha" : 0.5,
  "Ansi 0 Color (Dark)" : {
    "Green Component" : 0.30978869999999997,
    "Red Component" : 0.30978869999999997,
    "Blue Component" : 0.30978869999999997
  },
  "Transparency" : 0.24612145390070922,
  "Use Bright Bold" : true,
  "Horizontal Spacing" : 1,
  "Ansi 13 Color (Light)" : {
    "Green Component" : 0.61330589999999996,
    "Red Component" : 1,
    "Blue Component" : 0.99652090000000004
  },
  "Blur" : true,
  "Ansi 13 Color" : {
    "Red Component" : 0.049945145845413208,
    "Color Space" : "P3",
    "Blue Component" : 0.75069838762283325,
    "Alpha Component" : 1,
    "Green Component" : 0.14295598864555359
  },
  "Ansi 2 Color (Dark)" : {
    "Green Component" : 1,
    "Red Component" : 0.65882350000000001,
    "Blue Component" : 0.37647059999999999
  },
  "Cursor Color" : {
    "Red Component" : 0.78075778484344482,
    "Color Space" : "P3",
    "Blue Component" : 0.7807578444480896,
    "Alpha Component" : 1,
    "Green Component" : 0.7807578444480896
  },
  "Use Cursor Guide (Light)" : false,
  "Option Key Sends" : 0,
  "Idle Code" : 0,
  "Ansi 13 Color (Dark)" : {
    "Green Component" : 0.61330589999999996,
    "Red Component" : 1,
    "Blue Component" : 0.99652090000000004
  },
  "Send Code When Idle" : false,
  "Selection Color" : {
    "Red Component" : 0.77888357639312744,
    "Color Space" : "P3",
    "Blue Component" : 0.98825246095657349,
    "Alpha Component" : 1,
    "Green Component" : 0.86601698398590088
  },
  "Terminal Type" : "xterm-256color",
  "Cursor Boost (Dark)" : 0,
  "Right Option Key Sends" : 0,
  "Background Color" : {
    "Red Component" : 0,
    "Color Space" : "P3",
    "Blue Component" : 0,
    "Alpha Component" : 1,
    "Green Component" : 0
  },
  "Ansi 10 Color (Dark)" : {
    "Green Component" : 1,
    "Red Component" : 0.80941479999999999,
    "Blue Component" : 0.67277030000000004
  },
  "Ansi 10 Color" : {
    "Red Component" : 0.55109566450119019,
    "Color Space" : "P3",
    "Blue Component" : 0.47975778579711914,
    "Alpha Component" : 1,
    "Green Component" : 0.96734005212783813
  },
  "Vertical Spacing" : 1,
  "Use Tab Color (Light)" : false,
  "Columns" : 120,
  "Ansi 2 Color (Light)" : {
    "Green Component" : 1,
    "Red Component" : 0.65882350000000001,
    "Blue Component" : 0.37647059999999999
  },
  "Screen" : -1,
  "Cursor Text Color (Dark)" : {
    "Green Component" : 1,
    "Red Component" : 1,
    "Blue Component" : 1
  },
  "Description" : "Default",
  "Unlimited Scrollback" : false,
  "Use Italic Font" : true,
  "Working Directory" : "\/Users\/vgf",
  "Selected Text Color (Dark)" : {
    "Green Component" : 0.94760049999999996,
    "Red Component" : 0.94760049999999996,
    "Blue Component" : 0.94760049999999996
  },
  "Use Cursor Guide (Dark)" : false,
  "Visual Bell" : true,
  "Link Color (Light)" : {
    "Red Component" : 0.14513972401618958,
    "Color Space" : "P3",
    "Blue Component" : 0.7093239426612854,
    "Alpha Component" : 1,
    "Green Component" : 0.35333043336868286
  },
  "Ansi 1 Color (Dark)" : {
    "Green Component" : 0.4235294,
    "Red Component" : 1,
    "Blue Component" : 0.37647059999999999
  },
  "Default Bookmark" : "No",
  "Ansi 14 Color (Light)" : {
    "Green Component" : 0.87631029999999999,
    "Red Component" : 0.87591359999999996,
    "Blue Component" : 0.99703969999999997
  },
  "Ansi 7 Color (Light)" : {
    "Green Component" : 0.93353169999999996,
    "Red Component" : 0.93353169999999996,
    "Blue Component" : 0.93353169999999996
  },
  "Ansi 3 Color (Light)" : {
    "Green Component" : 1,
    "Red Component" : 1,
    "Blue Component" : 0.71372550000000001
  },
  "Ansi 9 Color (Dark)" : {
    "Green Component" : 0.71372550000000001,
    "Red Component" : 1,
    "Blue Component" : 0.69019609999999998
  },
  "Badge Color (Light)" : {
    "Red Component" : 0.92929404973983765,
    "Color Space" : "P3",
    "Blue Component" : 0.13960540294647217,
    "Alpha Component" : 0.5,
    "Green Component" : 0.25479039549827576
  },
  "Ansi 14 Color (Dark)" : {
    "Green Component" : 0.87631029999999999,
    "Red Component" : 0.87591359999999996,
    "Blue Component" : 0.99703969999999997
  },
  "Tags" : [

  ],
  "Link Color (Dark)" : {
    "Red Component" : 0.14513972401618958,
    "Color Space" : "P3",
    "Blue Component" : 0.7093239426612854,
    "Alpha Component" : 1,
    "Green Component" : 0.35333043336868286
  },
  "Custom Command" : "No",
  "Jobs to Ignore" : [
    "rlogin",
    "ssh",
    "slogin",
    "telnet"
  ],
  "Use Non-ASCII Font" : false,
  "Custom Directory" : "No",
  "Use Selected Text Color (Light)" : true,
  "Bold Color (Light)" : {
    "Green Component" : 1,
    "Red Component" : 1,
    "Blue Component" : 1
  },
  "Brighten Bold Text (Dark)" : true,
  "Ansi 8 Color (Light)" : {
    "Green Component" : 0.4862745,
    "Red Component" : 0.4862745,
    "Blue Component" : 0.4862745
  },
  "Name" : "Default",
  "Space" : 0,
  "Ansi 11 Color (Dark)" : {
    "Green Component" : 1,
    "Red Component" : 1,
    "Blue Component" : 0.7996491
  },
  "Ansi 14 Color" : {
    "Red Component" : 0.55671864748001099,
    "Color Space" : "P3",
    "Blue Component" : 0.99341541528701782,
    "Alpha Component" : 1,
    "Green Component" : 0.97971898317337036
  },
  "Faint Text Alpha (Dark)" : 0.38439711084905659,
  "Blur Radius" : 10.470786236702128,
  "Rows" : 35,
  "Background Color (Light)" : {
    "Green Component" : 0,
    "Red Component" : 0,
    "Blue Component" : 0
  },
  "Cursor Guide Color (Light)" : {
    "Red Component" : 0.74862593412399292,
    "Color Space" : "P3",
    "Blue Component" : 0.99125725030899048,
    "Alpha Component" : 0.25,
    "Green Component" : 0.92047786712646484
  },
  "Use Selected Text Color" : true,
  "Ansi 6 Color (Dark)" : {
    "Green Component" : 0.77254900000000004,
    "Red Component" : 0.77647060000000001,
    "Blue Component" : 0.99607840000000003
  },
  "Use Tab Color" : false,
  "Use Bright Bold (Light)" : true,
  "Cursor Color (Light)" : {
    "Green Component" : 0.64705880000000005,
    "Red Component" : 1,
    "Blue Component" : 0.37647059999999999
  },
  "Ansi 15 Color (Light)" : {
    "Green Component" : 1,
    "Red Component" : 1,
    "Blue Component" : 1
  },